{
    "MSE": 29542288.216339152,
    "MAE": 3060.166104813181,
    "R2": 0.7720460200164744
}