{
    "MSE": 38744646.02823236,
    "MAE": 4286.25885987575,
    "R2": 0.7010388565533088
}