{
    "MSE": 33263920.358024694,
    "MAE": 3606.0656838769387,
    "R2": 0.7433291903477888
}