{
    "MSE": 27669406.9401053,
    "MAE": 2866.6795790811684,
    "R2": 0.7864975322970298
}