{
    "MSE": 49698223.67241486,
    "MAE": 3497.330477289157,
    "R2": 0.616518943919426
}