{
    "MSE": 36229609.559530966,
    "MAE": 4212.673056141411,
    "R2": 0.7482788456234413
}