{
    "MSE": 19958083.27691126,
    "MAE": 1410.1059439228297,
    "R2": 0.8613324343627667
}