{
    "MSE": 12528386.9479105,
    "MAE": 1626.3871945301826,
    "R2": 0.9129535188663217
}