{
    "MSE": 28830157.317845803,
    "MAE": 3431.454936660168,
    "R2": 0.7996897960221935
}