{
    "MSE": 12437084.023459638,
    "MAE": 1586.3096946979565,
    "R2": 0.9135878861095834
}